StateName,DistrictName,BlockName,GramPanchayatName,IHHLTotalAsPerDetails,IHHLTotalAch,Date
Rajasthan,JAIPUR,AMBER,ACHROL,3454,3454,3/18/2019 12:00:00 AM
Rajasthan,JAIPUR,AMBER,AKEDADOONGAR,1207,1207,3/18/2019 12:00:00 AM
Rajasthan,JAIPUR,AMBER,AKHEPURA,1254,1254,3/18/2019 12:00:00 AM
Rajasthan,JAIPUR,AMBER,BAGAWADA,1613,1613,3/18/2019 12:00:00 AM
Rajasthan,JAIPUR,AMBER,BEELPUR,977,977,3/18/2019 12:00:00 AM
Rajasthan,JAIPUR,AMBER,BILONCHI,2147,2147,3/18/2019 12:00:00 AM
Rajasthan,JAIPUR,AMBER,CHANDWAJI,969,969,3/18/2019 12:00:00 AM
Rajasthan,JAIPUR,AMBER,CHHAPRADI,867,867,3/18/2019 12:00:00 AM
Rajasthan,JAIPUR,AMBER,CHITANU KALAN,1027,1027,3/18/2019 12:00:00 AM
Rajasthan,JAIPUR,AMBER,DHAND,951,951,3/18/2019 12:00:00 AM
Rajasthan,JAIPUR,AMBER,DOULATPURA,1530,1530,3/18/2019 12:00:00 AM
Rajasthan,JAIPUR,AMBER,KANT,1594,1594,3/18/2019 12:00:00 AM
Rajasthan,JAIPUR,AMBER,KANWARPURA,1518,1518,3/18/2019 12:00:00 AM
Rajasthan,JAIPUR,AMBER,KHORA MEENA,1038,1038,3/18/2019 12:00:00 AM
Rajasthan,JAIPUR,AMBER,KUKAS,1263,1263,3/18/2019 12:00:00 AM
Rajasthan,JAIPUR,AMBER,LABANA,2281,2281,3/18/2019 12:00:00 AM
Rajasthan,JAIPUR,AMBER,LAKHER,1730,1730,3/18/2019 12:00:00 AM
Rajasthan,JAIPUR,AMBER,MANPUR MACHERI,2588,2588,3/18/2019 12:00:00 AM
Rajasthan,JAIPUR,AMBER,NANGAL SUSAWATAN,1626,1626,3/18/2019 12:00:00 AM
Rajasthan,JAIPUR,AMBER,RUNDAL,1859,1859,3/18/2019 12:00:00 AM
Rajasthan,JAIPUR,AMBER,SHYAMPURA,1319,1319,3/18/2019 12:00:00 AM
Rajasthan,JAIPUR,AMBER,SIROHI,1216,1216,3/18/2019 12:00:00 AM
Rajasthan,JAIPUR,BASSI,ANATPURA,1399,1399,3/18/2019 12:00:00 AM
Rajasthan,JAIPUR,BASSI,BADWA,662,662,3/18/2019 12:00:00 AM
Rajasthan,JAIPUR,BASSI,BAGRANA,1472,1472,3/18/2019 12:00:00 AM
Rajasthan,JAIPUR,BASSI,BAINADA,1205,1205,3/18/2019 12:00:00 AM
Rajasthan,JAIPUR,BASSI,BANSKHO,3126,3126,3/18/2019 12:00:00 AM
Rajasthan,JAIPUR,BASSI,BASSI,6375,6375,3/18/2019 12:00:00 AM
Rajasthan,JAIPUR,BASSI,BHATERI,880,880,3/18/2019 12:00:00 AM
Rajasthan,JAIPUR,BASSI,BHOODLA,1112,1112,3/18/2019 12:00:00 AM
Rajasthan,JAIPUR,BASSI,BOODTHAL,1006,1006,3/18/2019 12:00:00 AM
Rajasthan,JAIPUR,BASSI,DANAU KALAN,1393,1393,3/18/2019 12:00:00 AM
Rajasthan,JAIPUR,BASSI,DEVGAON,832,832,3/18/2019 12:00:00 AM
Rajasthan,JAIPUR,BASSI,DHOODLI,1285,1285,3/18/2019 12:00:00 AM
Rajasthan,JAIPUR,BASSI,GARH,670,670,3/18/2019 12:00:00 AM
Rajasthan,JAIPUR,BASSI,HANS MAHAL,707,707,3/18/2019 12:00:00 AM
Rajasthan,JAIPUR,BASSI,HIMMATPURA,1245,1245,3/18/2019 12:00:00 AM
Rajasthan,JAIPUR,BASSI,JATWARA,980,980,3/18/2019 12:00:00 AM
Rajasthan,JAIPUR,BASSI,JEETAWALA,920,920,3/18/2019 12:00:00 AM
Rajasthan,JAIPUR,BASSI,JHIR,1142,1142,3/18/2019 12:00:00 AM
Rajasthan,JAIPUR,BASSI,KANOTA,2321,2321,3/18/2019 12:00:00 AM
Rajasthan,JAIPUR,BASSI,KARANGARH,1070,1070,3/18/2019 12:00:00 AM
Rajasthan,JAIPUR,BASSI,KASHIPURA,867,867,3/18/2019 12:00:00 AM
Rajasthan,JAIPUR,BASSI,KHATEPURA,942,942,3/18/2019 12:00:00 AM
Rajasthan,JAIPUR,BASSI,KHIJURIYA BRAHMNAN,1606,1606,3/18/2019 12:00:00 AM
Rajasthan,JAIPUR,BASSI,KUNTHADA KHURD,1195,1195,3/18/2019 12:00:00 AM
Rajasthan,JAIPUR,BASSI,LALGARH,1245,1245,3/18/2019 12:00:00 AM
Rajasthan,JAIPUR,BASSI,MADHOGARH,1140,1140,3/18/2019 12:00:00 AM
Rajasthan,JAIPUR,BASSI,MANOHARPURA,1194,1194,3/18/2019 12:00:00 AM
Rajasthan,JAIPUR,BASSI,MANSAR KHEDI,1915,1915,3/18/2019 12:00:00 AM
Rajasthan,JAIPUR,BASSI,MOHANPURA,1937,1937,3/18/2019 12:00:00 AM
Rajasthan,JAIPUR,BASSI,MUNDLI,890,890,3/18/2019 12:00:00 AM
Rajasthan,JAIPUR,BASSI,PADASOLI,714,714,3/18/2019 12:00:00 AM
Rajasthan,JAIPUR,BASSI,PALAWALA JATAN,1470,1470,3/18/2019 12:00:00 AM
Rajasthan,JAIPUR,BASSI,PATAN,1357,1357,3/18/2019 12:00:00 AM
Rajasthan,JAIPUR,BASSI,PHALYAWAS,2055,2055,3/18/2019 12:00:00 AM
Rajasthan,JAIPUR,BASSI,RAJPURA (PATALWAS),989,989,3/18/2019 12:00:00 AM
Rajasthan,JAIPUR,BASSI,RAMRATANPURA,2118,2118,3/18/2019 12:00:00 AM
Rajasthan,JAIPUR,BASSI,RAMSAR PALAWALA,1259,1259,3/18/2019 12:00:00 AM
Rajasthan,JAIPUR,BASSI,SAMBHARIYA,1132,1132,3/18/2019 12:00:00 AM
Rajasthan,JAIPUR,BASSI,SHYAMPURA KACHOLIYA,1024,1024,3/18/2019 12:00:00 AM
Rajasthan,JAIPUR,BASSI,SUMEL,1690,1690,3/18/2019 12:00:00 AM
Rajasthan,JAIPUR,BASSI,TEHTDA,894,894,3/18/2019 12:00:00 AM
Rajasthan,JAIPUR,BASSI,TODA BHATA,992,992,3/18/2019 12:00:00 AM
Rajasthan,JAIPUR,BASSI,TOONGA,1863,1863,3/18/2019 12:00:00 AM
Rajasthan,JAIPUR,BASSI,VIJAYPURA,3586,3586,3/18/2019 12:00:00 AM
Rajasthan,JAIPUR,CHAKSU,AKODIYA,1018,1018,3/18/2019 12:00:00 AM
Rajasthan,JAIPUR,CHAKSU,BADALI,1109,1109,3/18/2019 12:00:00 AM
Rajasthan,JAIPUR,CHAKSU,BALLUPURA,973,973,3/18/2019 12:00:00 AM
Rajasthan,JAIPUR,CHAKSU,BAPUGAON,830,830,3/18/2019 12:00:00 AM
Rajasthan,JAIPUR,CHAKSU,BARA PADAM PURA,1228,1228,3/18/2019 12:00:00 AM
Rajasthan,JAIPUR,CHAKSU,BARKHERA,1063,1063,3/18/2019 12:00:00 AM
Rajasthan,JAIPUR,CHAKSU,BARODIYA,1292,1292,3/18/2019 12:00:00 AM
Rajasthan,JAIPUR,CHAKSU,CHANDEL KALAN,1794,1794,3/18/2019 12:00:00 AM
Rajasthan,JAIPUR,CHAKSU,CHANDLAI,1184,1184,3/18/2019 12:00:00 AM
Rajasthan,JAIPUR,CHAKSU,DEHLALA,1614,1614,3/18/2019 12:00:00 AM
Rajasthan,JAIPUR,CHAKSU,GARUDWASI,1301,1301,3/18/2019 12:00:00 AM
Rajasthan,JAIPUR,CHAKSU,GIRDHARILAL PURA,1879,1879,3/18/2019 12:00:00 AM
Rajasthan,JAIPUR,CHAKSU,HARINARAYANPURA,1232,1232,3/18/2019 12:00:00 AM
Rajasthan,JAIPUR,CHAKSU,HARIPURA,1107,1107,3/18/2019 12:00:00 AM
Rajasthan,JAIPUR,CHAKSU,JHAPADA KALAN,1451,1451,3/18/2019 12:00:00 AM
Rajasthan,JAIPUR,CHAKSU,KADERA,1284,1284,3/18/2019 12:00:00 AM
Rajasthan,JAIPUR,CHAKSU,KAREDA KHURD,1401,1401,3/18/2019 12:00:00 AM
Rajasthan,JAIPUR,CHAKSU,KATHAWALA,1068,1068,3/18/2019 12:00:00 AM
Rajasthan,JAIPUR,CHAKSU,KHIRA RANI WAL,1012,1012,3/18/2019 12:00:00 AM
Rajasthan,JAIPUR,CHAKSU,KOTHKAWDA,3014,3014,3/18/2019 12:00:00 AM
Rajasthan,JAIPUR,CHAKSU,KOTHUN,1256,1256,3/18/2019 12:00:00 AM
Rajasthan,JAIPUR,CHAKSU,KUMHARIYAWAS,1907,1907,3/18/2019 12:00:00 AM
Rajasthan,JAIPUR,CHAKSU,MAHADEVPURA,1084,1084,3/18/2019 12:00:00 AM
Rajasthan,JAIPUR,CHAKSU,MANDALIYA MAIDA,1967,1967,3/18/2019 12:00:00 AM
Rajasthan,JAIPUR,CHAKSU,NIMODIYA,1358,1358,3/18/2019 12:00:00 AM
Rajasthan,JAIPUR,CHAKSU,RADOLI,1392,1392,3/18/2019 12:00:00 AM
Rajasthan,JAIPUR,CHAKSU,RAMNAGAR,1336,1336,3/18/2019 12:00:00 AM
Rajasthan,JAIPUR,CHAKSU,RUPAHEDI KALLAN,1358,1358,3/18/2019 12:00:00 AM
Rajasthan,JAIPUR,CHAKSU,SAWAI MADHOSINGH PURA,1245,1245,3/18/2019 12:00:00 AM
Rajasthan,JAIPUR,CHAKSU,SHIVDASPURA,1138,1138,3/18/2019 12:00:00 AM
Rajasthan,JAIPUR,CHAKSU,TAMADIYA,1107,1107,3/18/2019 12:00:00 AM
Rajasthan,JAIPUR,CHAKSU,THALI,1594,1594,3/18/2019 12:00:00 AM
Rajasthan,JAIPUR,CHAKSU,THEEKARIYA GUJRAN,1465,1465,3/18/2019 12:00:00 AM
Rajasthan,JAIPUR,CHAKSU,THIKARIYA MEENA,926,926,3/18/2019 12:00:00 AM
Rajasthan,JAIPUR,CHAKSU,TITARIYA,1473,1473,3/18/2019 12:00:00 AM
Rajasthan,JAIPUR,CHAKSU,TOOMALI KA BAS,777,777,3/18/2019 12:00:00 AM
Rajasthan,JAIPUR,CHAKSU,TUNTOLI,1635,1635,3/18/2019 12:00:00 AM
Rajasthan,JAIPUR,DUDU,AAKODA,1480,1480,3/18/2019 12:00:00 AM
Rajasthan,JAIPUR,DUDU,AKHEEPURA,892,892,3/18/2019 12:00:00 AM
Rajasthan,JAIPUR,DUDU,ASAL PUR,1737,1737,3/18/2019 12:00:00 AM
Rajasthan,JAIPUR,DUDU,BADOTI,1034,1034,3/18/2019 12:00:00 AM
Rajasthan,JAIPUR,DUDU,BICHOON,1199,1199,3/18/2019 12:00:00 AM
Rajasthan,JAIPUR,DUDU,BIHARIPURA,722,722,3/18/2019 12:00:00 AM
Rajasthan,JAIPUR,DUDU,BINGOLOW,648,648,3/18/2019 12:00:00 AM
Rajasthan,JAIPUR,DUDU,BOBAS,1025,1025,3/18/2019 12:00:00 AM
Rajasthan,JAIPUR,DUDU,BORAJ,1476,1476,3/18/2019 12:00:00 AM
Rajasthan,JAIPUR,DUDU,CHAIN PURA,679,679,3/18/2019 12:00:00 AM
Rajasthan,JAIPUR,DUDU,DANTRI,482,482,3/18/2019 12:00:00 AM
Rajasthan,JAIPUR,DUDU,DHAMANA,1127,1127,3/18/2019 12:00:00 AM
Rajasthan,JAIPUR,DUDU,DHANDHOLI,1007,1007,3/18/2019 12:00:00 AM
Rajasthan,JAIPUR,DUDU,DHANI BHORAJ,888,888,3/18/2019 12:00:00 AM
Rajasthan,JAIPUR,DUDU,DHINDA,1404,1404,3/18/2019 12:00:00 AM
Rajasthan,JAIPUR,DUDU,DUDU,1404,1404,3/18/2019 12:00:00 AM
Rajasthan,JAIPUR,DUDU,GADOTA,1340,1340,3/18/2019 12:00:00 AM
Rajasthan,JAIPUR,DUDU,GAGARDOO,752,752,3/18/2019 12:00:00 AM
Rajasthan,JAIPUR,DUDU,GAHLOTA,588,588,3/18/2019 12:00:00 AM
Rajasthan,JAIPUR,DUDU,GAISI,784,784,3/18/2019 12:00:00 AM
Rajasthan,JAIPUR,DUDU,GANGATI KALLAN,830,830,3/18/2019 12:00:00 AM
Rajasthan,JAIPUR,DUDU,GIDANI,419,419,3/18/2019 12:00:00 AM
Rajasthan,JAIPUR,DUDU,GUDAVERSAL,1768,1768,3/18/2019 12:00:00 AM
Rajasthan,JAIPUR,DUDU,HABAS PURA,808,808,3/18/2019 12:00:00 AM
Rajasthan,JAIPUR,DUDU,HARSOLI,892,892,3/18/2019 12:00:00 AM
Rajasthan,JAIPUR,DUDU,HIRNODA,1814,1814,3/18/2019 12:00:00 AM
Rajasthan,JAIPUR,DUDU,IDAN KA BAS,628,628,3/18/2019 12:00:00 AM
Rajasthan,JAIPUR,DUDU,JHAG,990,990,3/18/2019 12:00:00 AM
Rajasthan,JAIPUR,DUDU,JHARNA,789,789,3/18/2019 12:00:00 AM
Rajasthan,JAIPUR,DUDU,KACHRODA,1255,1255,3/18/2019 12:00:00 AM
Rajasthan,JAIPUR,DUDU,KHERIRAM,400,400,3/18/2019 12:00:00 AM
Rajasthan,JAIPUR,DUDU,KHUDIWALA,671,671,3/18/2019 12:00:00 AM
Rajasthan,JAIPUR,DUDU,KORSEENA,1652,1652,3/18/2019 12:00:00 AM
Rajasthan,JAIPUR,DUDU,MAHALAAN,1306,1306,3/18/2019 12:00:00 AM
Rajasthan,JAIPUR,DUDU,MAMMANA,2220,2220,3/18/2019 12:00:00 AM
Rajasthan,JAIPUR,DUDU,MANGALWADA,526,526,3/18/2019 12:00:00 AM
Rajasthan,JAIPUR,DUDU,MARWA,851,851,3/18/2019 12:00:00 AM
Rajasthan,JAIPUR,DUDU,MAUZMABAD,898,898,3/18/2019 12:00:00 AM
Rajasthan,JAIPUR,DUDU,MOKHAMPURA,859,859,3/18/2019 12:00:00 AM
Rajasthan,JAIPUR,DUDU,NANAN,861,861,3/18/2019 12:00:00 AM
Rajasthan,JAIPUR,DUDU,NARAINA,2007,2007,3/18/2019 12:00:00 AM
Rajasthan,JAIPUR,DUDU,PADASOLI,718,718,3/18/2019 12:00:00 AM
Rajasthan,JAIPUR,DUDU,RAHALANA,945,945,3/18/2019 12:00:00 AM
Rajasthan,JAIPUR,DUDU,RASEELI,1064,1064,3/18/2019 12:00:00 AM
Rajasthan,JAIPUR,DUDU,ROJADI,1044,1044,3/18/2019 12:00:00 AM
Rajasthan,JAIPUR,DUDU,SAANWALI,1026,1026,3/18/2019 12:00:00 AM
Rajasthan,JAIPUR,DUDU,SAKHOON,1309,1309,3/18/2019 12:00:00 AM
Rajasthan,JAIPUR,DUDU,SALI,641,641,3/18/2019 12:00:00 AM
Rajasthan,JAIPUR,DUDU,SARDUL PURA,1052,1052,3/18/2019 12:00:00 AM
Rajasthan,JAIPUR,DUDU,SAWARDA,1651,1651,3/18/2019 12:00:00 AM
Rajasthan,JAIPUR,DUDU,SEWA,921,921,3/18/2019 12:00:00 AM
Rajasthan,JAIPUR,DUDU,SIROHIKALAN,451,451,3/18/2019 12:00:00 AM
Rajasthan,JAIPUR,DUDU,SRI RAM PURA,1023,1023,3/18/2019 12:00:00 AM
Rajasthan,JAIPUR,DUDU,SUNADIYA,602,602,3/18/2019 12:00:00 AM
Rajasthan,JAIPUR,DUDU,SURSINGH PURA,914,914,3/18/2019 12:00:00 AM
Rajasthan,JAIPUR,DUDU,UGARIYAWAS,1094,1094,3/18/2019 12:00:00 AM
Rajasthan,JAIPUR,DUDU,URSEWA,635,635,3/18/2019 12:00:00 AM
Rajasthan,JAIPUR,GOVINDGARH,AALISAR,2008,2008,3/18/2019 12:00:00 AM
Rajasthan,JAIPUR,GOVINDGARH,AASTI KLAN,1709,1709,3/18/2019 12:00:00 AM
Rajasthan,JAIPUR,GOVINDGARH,AMAR PURA,2121,2121,3/18/2019 12:00:00 AM
Rajasthan,JAIPUR,GOVINDGARH,ANATPURA CHIMAN PURA,1498,1498,3/18/2019 12:00:00 AM
Rajasthan,JAIPUR,GOVINDGARH,ANNAT PURA,1104,1104,3/18/2019 12:00:00 AM
Rajasthan,JAIPUR,GOVINDGARH,BHUTERA,1185,1185,3/18/2019 12:00:00 AM
Rajasthan,JAIPUR,GOVINDGARH,CHITHAWADI,1934,1934,3/18/2019 12:00:00 AM
Rajasthan,JAIPUR,GOVINDGARH,DEVTHALA,650,650,3/18/2019 12:00:00 AM
Rajasthan,JAIPUR,GOVINDGARH,DHOBLAI,1287,1287,3/18/2019 12:00:00 AM
Rajasthan,JAIPUR,GOVINDGARH,DHODSAR,1559,1559,3/18/2019 12:00:00 AM
Rajasthan,JAIPUR,GOVINDGARH,DOLA KA BAS,1611,1611,3/18/2019 12:00:00 AM
Rajasthan,JAIPUR,GOVINDGARH,FATEHPURA,1127,1127,3/18/2019 12:00:00 AM
Rajasthan,JAIPUR,GOVINDGARH,GHINOI,1108,1108,3/18/2019 12:00:00 AM
Rajasthan,JAIPUR,GOVINDGARH,GOVIND GARH,2112,2112,3/18/2019 12:00:00 AM
Rajasthan,JAIPUR,GOVINDGARH,GUDLIYA,1281,1281,3/18/2019 12:00:00 AM
Rajasthan,JAIPUR,GOVINDGARH,HAATHA NODA,2147,2147,3/18/2019 12:00:00 AM
Rajasthan,JAIPUR,GOVINDGARH,HAROTA,1622,1622,3/18/2019 12:00:00 AM
Rajasthan,JAIPUR,GOVINDGARH,HASTERA,1975,1975,3/18/2019 12:00:00 AM
Rajasthan,JAIPUR,GOVINDGARH,ITAWA BHOPIJI,2508,2508,3/18/2019 12:00:00 AM
Rajasthan,JAIPUR,GOVINDGARH,JAISINGH PURA,796,796,3/18/2019 12:00:00 AM
Rajasthan,JAIPUR,GOVINDGARH,JAITAPURA,1735,1735,3/18/2019 12:00:00 AM
Rajasthan,JAIPUR,GOVINDGARH,JATAWALI,994,994,3/18/2019 12:00:00 AM
Rajasthan,JAIPUR,GOVINDGARH,KALA DERA,3271,3271,3/18/2019 12:00:00 AM
Rajasthan,JAIPUR,GOVINDGARH,KHEJROLI,2771,2771,3/18/2019 12:00:00 AM
Rajasthan,JAIPUR,GOVINDGARH,KISHANPURA,1418,1418,3/18/2019 12:00:00 AM
Rajasthan,JAIPUR,GOVINDGARH,KUSHAL PURA,993,993,3/18/2019 12:00:00 AM
Rajasthan,JAIPUR,GOVINDGARH,LOHARWARA,823,823,3/18/2019 12:00:00 AM
Rajasthan,JAIPUR,GOVINDGARH,MAHAR KALA,1460,1460,3/18/2019 12:00:00 AM
Rajasthan,JAIPUR,GOVINDGARH,MALIKPUR,2119,2119,3/18/2019 12:00:00 AM
Rajasthan,JAIPUR,GOVINDGARH,MANDA BHINDA,939,939,3/18/2019 12:00:00 AM
Rajasthan,JAIPUR,GOVINDGARH,MORIJA,2297,2297,3/18/2019 12:00:00 AM
Rajasthan,JAIPUR,GOVINDGARH,NAGAL- BHARADA,1248,1248,3/18/2019 12:00:00 AM
Rajasthan,JAIPUR,GOVINDGARH,NAGAL KOJU,2165,2165,3/18/2019 12:00:00 AM
Rajasthan,JAIPUR,GOVINDGARH,NANGAL GOVIND,1549,1549,3/18/2019 12:00:00 AM
Rajasthan,JAIPUR,GOVINDGARH,NANGAL KALAN,808,808,3/18/2019 12:00:00 AM
Rajasthan,JAIPUR,GOVINDGARH,NIWANA,2148,2148,3/18/2019 12:00:00 AM
Rajasthan,JAIPUR,GOVINDGARH,SAMOD,2444,2444,3/18/2019 12:00:00 AM
Rajasthan,JAIPUR,GOVINDGARH,SANDARSAR,1231,1231,3/18/2019 12:00:00 AM
Rajasthan,JAIPUR,GOVINDGARH,SINGOD KHURD,1396,1396,3/18/2019 12:00:00 AM
Rajasthan,JAIPUR,GOVINDGARH,SINGOD KLAN,1323,1323,3/18/2019 12:00:00 AM
Rajasthan,JAIPUR,GOVINDGARH,TANKARDA,1502,1502,3/18/2019 12:00:00 AM
Rajasthan,JAIPUR,GOVINDGARH,TIGIRIYA,2546,2546,3/18/2019 12:00:00 AM
Rajasthan,JAIPUR,GOVINDGARH,UDAIPURIA,2294,2294,3/18/2019 12:00:00 AM
Rajasthan,JAIPUR,GOVINDGARH,VIJAYA SINGH  PURA,1333,1333,3/18/2019 12:00:00 AM
Rajasthan,JAIPUR,GOVINDGARH,VIMALPURA,1311,1311,3/18/2019 12:00:00 AM
Rajasthan,JAIPUR,JALSU,ANOP PURA,1654,1654,3/18/2019 12:00:00 AM
Rajasthan,JAIPUR,JALSU,BARNA,1032,1032,3/18/2019 12:00:00 AM
Rajasthan,JAIPUR,JALSU,BHATTO KI GALI,1467,1467,3/18/2019 12:00:00 AM
Rajasthan,JAIPUR,JALSU,BHOORTHAL,1475,1475,3/18/2019 12:00:00 AM
Rajasthan,JAIPUR,JALSU,BIHARIPURA,972,972,3/18/2019 12:00:00 AM
Rajasthan,JAIPUR,JALSU,CHATURPURA,1332,1332,3/18/2019 12:00:00 AM
Rajasthan,JAIPUR,JALSU,CHOMP,1933,1933,3/18/2019 12:00:00 AM
Rajasthan,JAIPUR,JALSU,DEVGUDA,1415,1415,3/18/2019 12:00:00 AM
Rajasthan,JAIPUR,JALSU,DURGA KA BAS,1036,1036,3/18/2019 12:00:00 AM
Rajasthan,JAIPUR,JALSU,JAHOTA,1748,1748,3/18/2019 12:00:00 AM
Rajasthan,JAIPUR,JALSU,JAIRAMPURA,2135,2135,3/18/2019 12:00:00 AM
Rajasthan,JAIPUR,JALSU,JAISINGHPURA,1288,1288,3/18/2019 12:00:00 AM
Rajasthan,JAIPUR,JALSU,JALSOO,1562,1562,3/18/2019 12:00:00 AM
Rajasthan,JAIPUR,JALSU,KHANIPURA,1028,1028,3/18/2019 12:00:00 AM
Rajasthan,JAIPUR,JALSU,KHORA SHYAMDAS,1911,1911,3/18/2019 12:00:00 AM
Rajasthan,JAIPUR,JALSU,KHORABEESAL,2564,2564,3/18/2019 12:00:00 AM
Rajasthan,JAIPUR,JALSU,MAHESHWASKALAN,1313,1313,3/18/2019 12:00:00 AM
Rajasthan,JAIPUR,JALSU,MUNDOTA,1818,1818,3/18/2019 12:00:00 AM
Rajasthan,JAIPUR,JALSU,NAGALPUROHITAN,1346,1346,3/18/2019 12:00:00 AM
Rajasthan,JAIPUR,JALSU,NANGAL BICHPADI,1724,1724,3/18/2019 12:00:00 AM
Rajasthan,JAIPUR,JALSU,NANGALSIRAS,1460,1460,3/18/2019 12:00:00 AM
Rajasthan,JAIPUR,JALSU,PUNANA,985,985,3/18/2019 12:00:00 AM
Rajasthan,JAIPUR,JALSU,RADHAKISHANPURA,1306,1306,3/18/2019 12:00:00 AM
Rajasthan,JAIPUR,JALSU,RAITHAL,1389,1389,3/18/2019 12:00:00 AM
Rajasthan,JAIPUR,JALSU,RAJAWAS,1156,1156,3/18/2019 12:00:00 AM
Rajasthan,JAIPUR,JALSU,RAMPURA,2181,2181,3/18/2019 12:00:00 AM
Rajasthan,JAIPUR,JALSU,ROJDA,1633,1633,3/18/2019 12:00:00 AM
Rajasthan,JAIPUR,JALSU,SEWAPURA,1725,1725,3/18/2019 12:00:00 AM
Rajasthan,JAIPUR,JALSU,SIRSALI,1378,1378,3/18/2019 12:00:00 AM
Rajasthan,JAIPUR,JAMWA RAMGARH,ANDHI,1719,1719,3/18/2019 12:00:00 AM
Rajasthan,JAIPUR,JAMWA RAMGARH,BASNA,744,744,3/18/2019 12:00:00 AM
Rajasthan,JAIPUR,JAMWA RAMGARH,BEHLOR,675,675,3/18/2019 12:00:00 AM
Rajasthan,JAIPUR,JAMWA RAMGARH,BHANPURA KALLA,1062,1062,3/18/2019 12:00:00 AM
Rajasthan,JAIPUR,JAMWA RAMGARH,BHAWANI,1145,1145,3/18/2019 12:00:00 AM
Rajasthan,JAIPUR,JAMWA RAMGARH,BHURANPURA,961,961,3/18/2019 12:00:00 AM
Rajasthan,JAIPUR,JAMWA RAMGARH,BILOD,752,752,3/18/2019 12:00:00 AM
Rajasthan,JAIPUR,JAMWA RAMGARH,BIRASANA,1087,1087,3/18/2019 12:00:00 AM
Rajasthan,JAIPUR,JAMWA RAMGARH,BOBARI,918,918,3/18/2019 12:00:00 AM
Rajasthan,JAIPUR,JAMWA RAMGARH,BOOJ,1220,1220,3/18/2019 12:00:00 AM
Rajasthan,JAIPUR,JAMWA RAMGARH,CHAWANDIYA,1298,1298,3/18/2019 12:00:00 AM
Rajasthan,JAIPUR,JAMWA RAMGARH,DANGARWADA,1174,1174,3/18/2019 12:00:00 AM
Rajasthan,JAIPUR,JAMWA RAMGARH,DHAMSYA,1228,1228,3/18/2019 12:00:00 AM
Rajasthan,JAIPUR,JAMWA RAMGARH,DHAULA,1030,1030,3/18/2019 12:00:00 AM
Rajasthan,JAIPUR,JAMWA RAMGARH,DHOOLARAOJI,1115,1115,3/18/2019 12:00:00 AM
Rajasthan,JAIPUR,JAMWA RAMGARH,GATHWARI,1188,1188,3/18/2019 12:00:00 AM
Rajasthan,JAIPUR,JAMWA RAMGARH,INDRAGARH,837,837,3/18/2019 12:00:00 AM
Rajasthan,JAIPUR,JAMWA RAMGARH,JAICHANDPURA,943,943,3/18/2019 12:00:00 AM
Rajasthan,JAIPUR,JAMWA RAMGARH,JAMWA RAMGARH,1446,1446,3/18/2019 12:00:00 AM
Rajasthan,JAIPUR,JAMWA RAMGARH,KELA KA BAS,444,444,3/18/2019 12:00:00 AM
Rajasthan,JAIPUR,JAMWA RAMGARH,KHARKHADA,1257,1257,3/18/2019 12:00:00 AM
Rajasthan,JAIPUR,JAMWA RAMGARH,KHAWARANI,1107,1107,3/18/2019 12:00:00 AM
Rajasthan,JAIPUR,JAMWA RAMGARH,LALI,798,798,3/18/2019 12:00:00 AM
Rajasthan,JAIPUR,JAMWA RAMGARH,LALWAS,1421,1421,3/18/2019 12:00:00 AM
Rajasthan,JAIPUR,JAMWA RAMGARH,LANGADIYAWAS,1258,1258,3/18/2019 12:00:00 AM
Rajasthan,JAIPUR,JAMWA RAMGARH,MANHAGI,945,945,3/18/2019 12:00:00 AM
Rajasthan,JAIPUR,JAMWA RAMGARH,MANOTA,1427,1427,3/18/2019 12:00:00 AM
Rajasthan,JAIPUR,JAMWA RAMGARH,MATHASOOLA,737,737,3/18/2019 12:00:00 AM
Rajasthan,JAIPUR,JAMWA RAMGARH,NANGAL TULSIDAS,604,604,3/18/2019 12:00:00 AM
Rajasthan,JAIPUR,JAMWA RAMGARH,NATATA,891,891,3/18/2019 12:00:00 AM
Rajasthan,JAIPUR,JAMWA RAMGARH,NAYALA,1997,1997,3/18/2019 12:00:00 AM
Rajasthan,JAIPUR,JAMWA RAMGARH,NEEMALA,887,887,3/18/2019 12:00:00 AM
Rajasthan,JAIPUR,JAMWA RAMGARH,NEWER,1294,1294,3/18/2019 12:00:00 AM
Rajasthan,JAIPUR,JAMWA RAMGARH,PAPAR,828,828,3/18/2019 12:00:00 AM
Rajasthan,JAIPUR,JAMWA RAMGARH,PHOOTALAV,995,995,3/18/2019 12:00:00 AM
Rajasthan,JAIPUR,JAMWA RAMGARH,RAHORI,1207,1207,3/18/2019 12:00:00 AM
Rajasthan,JAIPUR,JAMWA RAMGARH,RAIPUR,1278,1278,3/18/2019 12:00:00 AM
Rajasthan,JAIPUR,JAMWA RAMGARH,RAISAR,1336,1336,3/18/2019 12:00:00 AM
Rajasthan,JAIPUR,JAMWA RAMGARH,RAJPURWASTALA,802,802,3/18/2019 12:00:00 AM
Rajasthan,JAIPUR,JAMWA RAMGARH,RAMYAWALA,765,765,3/18/2019 12:00:00 AM
Rajasthan,JAIPUR,JAMWA RAMGARH,ROOPWAS,1198,1198,3/18/2019 12:00:00 AM
Rajasthan,JAIPUR,JAMWA RAMGARH,SAIPURA,1454,1454,3/18/2019 12:00:00 AM
Rajasthan,JAIPUR,JAMWA RAMGARH,SAIWAR,1602,1602,3/18/2019 12:00:00 AM
Rajasthan,JAIPUR,JAMWA RAMGARH,SAMRED KALLAN,954,954,3/18/2019 12:00:00 AM
Rajasthan,JAIPUR,JAMWA RAMGARH,SANKOTADA,604,604,3/18/2019 12:00:00 AM
Rajasthan,JAIPUR,JAMWA RAMGARH,TALA,1638,1638,3/18/2019 12:00:00 AM
Rajasthan,JAIPUR,JAMWA RAMGARH,THALI,975,975,3/18/2019 12:00:00 AM
Rajasthan,JAIPUR,JAMWA RAMGARH,THOLAI,1255,1255,3/18/2019 12:00:00 AM
Rajasthan,JAIPUR,JAMWA RAMGARH,TODAMEENA,867,867,3/18/2019 12:00:00 AM
Rajasthan,JAIPUR,JHOTWARA,BAGUS,1190,1190,3/18/2019 12:00:00 AM
Rajasthan,JAIPUR,JHOTWARA,BHAMBORI,1408,1408,3/18/2019 12:00:00 AM
Rajasthan,JAIPUR,JHOTWARA,BOYTAWALA,1688,1688,3/18/2019 12:00:00 AM
Rajasthan,JAIPUR,JHOTWARA,DHANKYA,1192,1192,3/18/2019 12:00:00 AM
Rajasthan,JAIPUR,JHOTWARA,DURJANIYAWAS,1474,1474,3/18/2019 12:00:00 AM
Rajasthan,JAIPUR,JHOTWARA,FATEHPURA,1438,1438,3/18/2019 12:00:00 AM
Rajasthan,JAIPUR,JHOTWARA,HATHOJ,2211,2211,3/18/2019 12:00:00 AM
Rajasthan,JAIPUR,JHOTWARA,KALWAR,2150,2150,3/18/2019 12:00:00 AM
Rajasthan,JAIPUR,JHOTWARA,MACHAWA,1339,1339,3/18/2019 12:00:00 AM
Rajasthan,JAIPUR,JHOTWARA,MANDHA BHOPAWAS,1643,1643,3/18/2019 12:00:00 AM
Rajasthan,JAIPUR,JHOTWARA,MUNDIYA RAMSAR,1402,1402,3/18/2019 12:00:00 AM
Rajasthan,JAIPUR,JHOTWARA,NIMEEDA,1087,1087,3/18/2019 12:00:00 AM
Rajasthan,JAIPUR,JHOTWARA,NIWAROO,3988,3988,3/18/2019 12:00:00 AM
Rajasthan,JAIPUR,JHOTWARA,PANCHAR,1384,1384,3/18/2019 12:00:00 AM
Rajasthan,JAIPUR,JHOTWARA,PEETHAWAS,1007,1007,3/18/2019 12:00:00 AM
Rajasthan,JAIPUR,JHOTWARA,SARNA CHOR,1547,1547,3/18/2019 12:00:00 AM
Rajasthan,JAIPUR,JHOTWARA,SARNA DOONGAR,1552,1552,3/18/2019 12:00:00 AM
Rajasthan,JAIPUR,JHOTWARA,SHYOSINGH PURA @ SHYOPURA,1714,1714,3/18/2019 12:00:00 AM
Rajasthan,JAIPUR,KOTPUTLI,AMAI,261,261,3/18/2019 12:00:00 AM
Rajasthan,JAIPUR,KOTPUTLI,BANAR,1091,1091,3/18/2019 12:00:00 AM
Rajasthan,JAIPUR,KOTPUTLI,BANETHI,2004,2004,3/18/2019 12:00:00 AM
Rajasthan,JAIPUR,KOTPUTLI,BASAI,989,989,3/18/2019 12:00:00 AM
Rajasthan,JAIPUR,KOTPUTLI,BHALOJI,930,930,3/18/2019 12:00:00 AM
Rajasthan,JAIPUR,KOTPUTLI,CHHATURBHUJ,690,690,3/18/2019 12:00:00 AM
Rajasthan,JAIPUR,KOTPUTLI,CHIMANPURA,1683,1683,3/18/2019 12:00:00 AM
Rajasthan,JAIPUR,KOTPUTLI,DEOTA,820,820,3/18/2019 12:00:00 AM
Rajasthan,JAIPUR,KOTPUTLI,GONEDA,1067,1067,3/18/2019 12:00:00 AM
Rajasthan,JAIPUR,KOTPUTLI,GOPALPURA,596,596,3/18/2019 12:00:00 AM
Rajasthan,JAIPUR,KOTPUTLI,GOVARDHANPURA,1187,1187,3/18/2019 12:00:00 AM
Rajasthan,JAIPUR,KOTPUTLI,JAI SINGHPURA,558,558,3/18/2019 12:00:00 AM
Rajasthan,JAIPUR,KOTPUTLI,KALYANPURA KALAN,1125,1125,3/18/2019 12:00:00 AM
Rajasthan,JAIPUR,KOTPUTLI,KALYANPURA KHURD,1527,1527,3/18/2019 12:00:00 AM
Rajasthan,JAIPUR,KOTPUTLI,KANSLI,789,789,3/18/2019 12:00:00 AM
Rajasthan,JAIPUR,KOTPUTLI,KANWARPURA,540,540,3/18/2019 12:00:00 AM
Rajasthan,JAIPUR,KOTPUTLI,KESHWANA RAJPUT,1057,1057,3/18/2019 12:00:00 AM
Rajasthan,JAIPUR,KOTPUTLI,KHADAB,1234,1234,3/18/2019 12:00:00 AM
Rajasthan,JAIPUR,KOTPUTLI,KHERKI VEERBHAN,1043,1043,3/18/2019 12:00:00 AM
Rajasthan,JAIPUR,KOTPUTLI,KOOJOTA,1199,1199,3/18/2019 12:00:00 AM
Rajasthan,JAIPUR,KOTPUTLI,MOHANPURA,704,704,3/18/2019 12:00:00 AM
Rajasthan,JAIPUR,KOTPUTLI,MOLAHERA,802,802,3/18/2019 12:00:00 AM
Rajasthan,JAIPUR,KOTPUTLI,NANGAL PANDITPURA,1208,1208,3/18/2019 12:00:00 AM
Rajasthan,JAIPUR,KOTPUTLI,NAREDA,1008,1008,3/18/2019 12:00:00 AM
Rajasthan,JAIPUR,KOTPUTLI,PANIYALA,1003,1003,3/18/2019 12:00:00 AM
Rajasthan,JAIPUR,KOTPUTLI,RAIKARNPURA,913,913,3/18/2019 12:00:00 AM
Rajasthan,JAIPUR,KOTPUTLI,RAMSINGHPURA,1256,1256,3/18/2019 12:00:00 AM
Rajasthan,JAIPUR,KOTPUTLI,SANGATERA,824,824,3/18/2019 12:00:00 AM
Rajasthan,JAIPUR,KOTPUTLI,SARUND,794,794,3/18/2019 12:00:00 AM
Rajasthan,JAIPUR,KOTPUTLI,SHUKLAWAS,1169,1169,3/18/2019 12:00:00 AM
Rajasthan,JAIPUR,KOTPUTLI,SUNDERPURA,315,315,3/18/2019 12:00:00 AM
Rajasthan,JAIPUR,PAOTA,BARNAGAR,1502,1502,3/18/2019 12:00:00 AM
Rajasthan,JAIPUR,PAOTA,BHAINSLANA,1155,1155,3/18/2019 12:00:00 AM
Rajasthan,JAIPUR,PAOTA,BHANKARI,561,561,3/18/2019 12:00:00 AM
Rajasthan,JAIPUR,PAOTA,BHONAWAS,705,705,3/18/2019 12:00:00 AM
Rajasthan,JAIPUR,PAOTA,BHUCHARA,458,458,3/18/2019 12:00:00 AM
Rajasthan,JAIPUR,PAOTA,BHURI BHARAJ,1488,1488,3/18/2019 12:00:00 AM
Rajasthan,JAIPUR,PAOTA,DANTIL,800,800,3/18/2019 12:00:00 AM
Rajasthan,JAIPUR,PAOTA,DWARIKA PURA,590,590,3/18/2019 12:00:00 AM
Rajasthan,JAIPUR,PAOTA,FATEHPURA KHURD,844,844,3/18/2019 12:00:00 AM
Rajasthan,JAIPUR,PAOTA,JODHPURA,777,777,3/18/2019 12:00:00 AM
Rajasthan,JAIPUR,PAOTA,KARAUDI,582,582,3/18/2019 12:00:00 AM
Rajasthan,JAIPUR,PAOTA,KAROLI,1304,1304,3/18/2019 12:00:00 AM
Rajasthan,JAIPUR,PAOTA,KHELANA,842,842,3/18/2019 12:00:00 AM
Rajasthan,JAIPUR,PAOTA,KOONER,928,928,3/18/2019 12:00:00 AM
Rajasthan,JAIPUR,PAOTA,LADA KA BAS,218,218,3/18/2019 12:00:00 AM
Rajasthan,JAIPUR,PAOTA,MANDHA,1263,1263,3/18/2019 12:00:00 AM
Rajasthan,JAIPUR,PAOTA,PACHHODALA,1506,1506,3/18/2019 12:00:00 AM
Rajasthan,JAIPUR,PAOTA,PANDITPURA,1019,1019,3/18/2019 12:00:00 AM
Rajasthan,JAIPUR,PAOTA,PAOTA,2338,2338,3/18/2019 12:00:00 AM
Rajasthan,JAIPUR,PAOTA,PATHAREDI,1899,1899,3/18/2019 12:00:00 AM
Rajasthan,JAIPUR,PAOTA,PRAGPURA,873,873,3/18/2019 12:00:00 AM
Rajasthan,JAIPUR,PAOTA,PREMNAGAR,468,468,3/18/2019 12:00:00 AM
Rajasthan,JAIPUR,PAOTA,PURSHOTAM PURA,758,758,3/18/2019 12:00:00 AM
Rajasthan,JAIPUR,PAOTA,RAJNOTA,2025,2025,3/18/2019 12:00:00 AM
Rajasthan,JAIPUR,PAOTA,SUDRPURA,1112,1112,3/18/2019 12:00:00 AM
Rajasthan,JAIPUR,PAOTA,TASKOLA,1148,1148,3/18/2019 12:00:00 AM
Rajasthan,JAIPUR,PAOTA,TORDA GUJRAN,1618,1618,3/18/2019 12:00:00 AM
Rajasthan,JAIPUR,PAOTA,TULSI PURA,1727,1727,3/18/2019 12:00:00 AM
Rajasthan,JAIPUR,PAOTA,VEER TAJAJI NAGAR,819,819,3/18/2019 12:00:00 AM
Rajasthan,JAIPUR,PHAGI,BHANKAROTA,1429,1429,3/18/2019 12:00:00 AM
Rajasthan,JAIPUR,PHAGI,CHAKWARA,1072,1072,3/18/2019 12:00:00 AM
Rajasthan,JAIPUR,PHAGI,CHANDAMA KALAN,1071,1071,3/18/2019 12:00:00 AM
Rajasthan,JAIPUR,PHAGI,CHITTORA,1122,1122,3/18/2019 12:00:00 AM
Rajasthan,JAIPUR,PHAGI,CHORU,1835,1835,3/18/2019 12:00:00 AM
Rajasthan,JAIPUR,PHAGI,DABICH,1066,1066,3/18/2019 12:00:00 AM
Rajasthan,JAIPUR,PHAGI,DIDAWATA,1412,1412,3/18/2019 12:00:00 AM
Rajasthan,JAIPUR,PHAGI,DOSARA,1104,1104,3/18/2019 12:00:00 AM
Rajasthan,JAIPUR,PHAGI,GOHANDI,1476,1476,3/18/2019 12:00:00 AM
Rajasthan,JAIPUR,PHAGI,HARSULIYA,1231,1231,3/18/2019 12:00:00 AM
Rajasthan,JAIPUR,PHAGI,JHADALA,1313,1313,3/18/2019 12:00:00 AM
Rajasthan,JAIPUR,PHAGI,KANSEL,1205,1205,3/18/2019 12:00:00 AM
Rajasthan,JAIPUR,PHAGI,KISHORPURA,1618,1618,3/18/2019 12:00:00 AM
Rajasthan,JAIPUR,PHAGI,LADANA,1220,1220,3/18/2019 12:00:00 AM
Rajasthan,JAIPUR,PHAGI,LASADIYA,1616,1616,3/18/2019 12:00:00 AM
Rajasthan,JAIPUR,PHAGI,MADHORAJ PURA,1601,1601,3/18/2019 12:00:00 AM
Rajasthan,JAIPUR,PHAGI,MADOR,1176,1176,3/18/2019 12:00:00 AM
Rajasthan,JAIPUR,PHAGI,MANDAWARI,1472,1472,3/18/2019 12:00:00 AM
Rajasthan,JAIPUR,PHAGI,MANDI,1106,1106,3/18/2019 12:00:00 AM
Rajasthan,JAIPUR,PHAGI,MENDWAS,1148,1148,3/18/2019 12:00:00 AM
Rajasthan,JAIPUR,PHAGI,MOHABBATPURA,1222,1222,3/18/2019 12:00:00 AM
Rajasthan,JAIPUR,PHAGI,MOHANPURA PRITHWISINGH,1409,1409,3/18/2019 12:00:00 AM
Rajasthan,JAIPUR,PHAGI,NAREDA,1526,1526,3/18/2019 12:00:00 AM
Rajasthan,JAIPUR,PHAGI,NEEMERA,1676,1676,3/18/2019 12:00:00 AM
Rajasthan,JAIPUR,PHAGI,PACHALA,1081,1081,3/18/2019 12:00:00 AM
Rajasthan,JAIPUR,PHAGI,PAHARIYA,1344,1344,3/18/2019 12:00:00 AM
Rajasthan,JAIPUR,PHAGI,PARWAN,1141,1141,3/18/2019 12:00:00 AM
Rajasthan,JAIPUR,PHAGI,PHAGI,2103,2103,3/18/2019 12:00:00 AM
Rajasthan,JAIPUR,PHAGI,PIPALA,1309,1309,3/18/2019 12:00:00 AM
Rajasthan,JAIPUR,PHAGI,RENWAL MAJI,2445,2445,3/18/2019 12:00:00 AM
Rajasthan,JAIPUR,PHAGI,ROTWARA,1047,1047,3/18/2019 12:00:00 AM
Rajasthan,JAIPUR,PHAGI,SAWAI JAI SINGH PURA,1179,1179,3/18/2019 12:00:00 AM
Rajasthan,JAIPUR,SAMBHAR,ANAT PURA,763,763,3/18/2019 12:00:00 AM
Rajasthan,JAIPUR,SAMBHAR,BABER WALO KI DHANI,1891,1891,3/18/2019 12:00:00 AM
Rajasthan,JAIPUR,SAMBHAR,BADHAL,2500,2500,3/18/2019 12:00:00 AM
Rajasthan,JAIPUR,SAMBHAR,BAGAWAS,1523,1523,3/18/2019 12:00:00 AM
Rajasthan,JAIPUR,SAMBHAR,BASARI KHURD,1371,1371,3/18/2019 12:00:00 AM
Rajasthan,JAIPUR,SAMBHAR,BASSINAGA,919,919,3/18/2019 12:00:00 AM
Rajasthan,JAIPUR,SAMBHAR,BHADWA,1857,1857,3/18/2019 12:00:00 AM
Rajasthan,JAIPUR,SAMBHAR,BHAISAWA,1635,1635,3/18/2019 12:00:00 AM
Rajasthan,JAIPUR,SAMBHAR,BHAISLANA,1592,1592,3/18/2019 12:00:00 AM
Rajasthan,JAIPUR,SAMBHAR,BHOJPURA KALAN,993,993,3/18/2019 12:00:00 AM
Rajasthan,JAIPUR,SAMBHAR,DEHARA,767,767,3/18/2019 12:00:00 AM
Rajasthan,JAIPUR,SAMBHAR,DHANI NAGAN,719,719,3/18/2019 12:00:00 AM
Rajasthan,JAIPUR,SAMBHAR,DIYODI,1317,1317,3/18/2019 12:00:00 AM
Rajasthan,JAIPUR,SAMBHAR,DUNGARI KALAN,1533,1533,3/18/2019 12:00:00 AM
Rajasthan,JAIPUR,SAMBHAR,DUNGARI KHURD,1528,1528,3/18/2019 12:00:00 AM
Rajasthan,JAIPUR,SAMBHAR,DUNGARSI KA BAS,883,883,3/18/2019 12:00:00 AM
Rajasthan,JAIPUR,SAMBHAR,HARSOLI,1340,1340,3/18/2019 12:00:00 AM
Rajasthan,JAIPUR,SAMBHAR,HINGONIYA,1820,1820,3/18/2019 12:00:00 AM
Rajasthan,JAIPUR,SAMBHAR,ITAWA,1653,1653,3/18/2019 12:00:00 AM
Rajasthan,JAIPUR,SAMBHAR,JAISINGH PURA,1418,1418,3/18/2019 12:00:00 AM
Rajasthan,JAIPUR,SAMBHAR,JORPURA (JOBNER),1384,1384,3/18/2019 12:00:00 AM
Rajasthan,JAIPUR,SAMBHAR,JORPURA (S),1267,1267,3/18/2019 12:00:00 AM
Rajasthan,JAIPUR,SAMBHAR,KAJIPURA,1161,1161,3/18/2019 12:00:00 AM
Rajasthan,JAIPUR,SAMBHAR,KALAKH,1030,1030,3/18/2019 12:00:00 AM
Rajasthan,JAIPUR,SAMBHAR,KARANSAR,2016,2016,3/18/2019 12:00:00 AM
Rajasthan,JAIPUR,SAMBHAR,KHANDEL,1302,1302,3/18/2019 12:00:00 AM
Rajasthan,JAIPUR,SAMBHAR,KHEJDA WAS,1037,1037,3/18/2019 12:00:00 AM
Rajasthan,JAIPUR,SAMBHAR,KHERI MALIK,1419,1419,3/18/2019 12:00:00 AM
Rajasthan,JAIPUR,SAMBHAR,KUDIYO KA BAS,1067,1067,3/18/2019 12:00:00 AM
Rajasthan,JAIPUR,SAMBHAR,LALASAR,1888,1888,3/18/2019 12:00:00 AM
Rajasthan,JAIPUR,SAMBHAR,LOHARWARA,983,983,3/18/2019 12:00:00 AM
Rajasthan,JAIPUR,SAMBHAR,LUNIYA WAS,1591,1591,3/18/2019 12:00:00 AM
Rajasthan,JAIPUR,SAMBHAR,MALIK PUR,1048,1048,3/18/2019 12:00:00 AM
Rajasthan,JAIPUR,SAMBHAR,MANDA BHIM SINGH,2218,2218,3/18/2019 12:00:00 AM
Rajasthan,JAIPUR,SAMBHAR,MUNDIYA GARH,897,897,3/18/2019 12:00:00 AM
Rajasthan,JAIPUR,SAMBHAR,MUNDLI RANJITPURA,903,903,3/18/2019 12:00:00 AM
Rajasthan,JAIPUR,SAMBHAR,MUNDOTI,995,995,3/18/2019 12:00:00 AM
Rajasthan,JAIPUR,SAMBHAR,MUNDWARA,1068,1068,3/18/2019 12:00:00 AM
Rajasthan,JAIPUR,SAMBHAR,MURLIPURA,1207,1207,3/18/2019 12:00:00 AM
Rajasthan,JAIPUR,SAMBHAR,NANDRI,1077,1077,3/18/2019 12:00:00 AM
Rajasthan,JAIPUR,SAMBHAR,NAURANG PURA,1280,1280,3/18/2019 12:00:00 AM
Rajasthan,JAIPUR,SAMBHAR,PACHPODIYA,913,913,3/18/2019 12:00:00 AM
Rajasthan,JAIPUR,SAMBHAR,RALAWTA,1339,1339,3/18/2019 12:00:00 AM
Rajasthan,JAIPUR,SAMBHAR,RAMJI PURA KALAN,1305,1305,3/18/2019 12:00:00 AM
Rajasthan,JAIPUR,SAMBHAR,SINODIYA,1202,1202,3/18/2019 12:00:00 AM
Rajasthan,JAIPUR,SAMBHAR,TEJA KA BAS,1229,1229,3/18/2019 12:00:00 AM
Rajasthan,JAIPUR,SAMBHAR,TIYOD,1259,1259,3/18/2019 12:00:00 AM
Rajasthan,JAIPUR,SANGANER,AJAIRAJPURA,1144,1144,3/18/2019 12:00:00 AM
Rajasthan,JAIPUR,SANGANER,ASHAWALA,451,451,3/18/2019 12:00:00 AM
Rajasthan,JAIPUR,SANGANER,AWANIYA,1001,1001,3/18/2019 12:00:00 AM
Rajasthan,JAIPUR,SANGANER,BARI KA BAS,811,811,3/18/2019 12:00:00 AM
Rajasthan,JAIPUR,SANGANER,BHAMBHORIYA,1035,1035,3/18/2019 12:00:00 AM
Rajasthan,JAIPUR,SANGANER,BHAPURA,1210,1210,3/18/2019 12:00:00 AM
Rajasthan,JAIPUR,SANGANER,BILWA,1856,1856,3/18/2019 12:00:00 AM
Rajasthan,JAIPUR,SANGANER,DADIYA,759,759,3/18/2019 12:00:00 AM
Rajasthan,JAIPUR,SANGANER,DANTLI,1418,1418,3/18/2019 12:00:00 AM
Rajasthan,JAIPUR,SANGANER,DEHMI KALLAN,1209,1209,3/18/2019 12:00:00 AM
Rajasthan,JAIPUR,SANGANER,DEVALIYA,937,937,3/18/2019 12:00:00 AM
Rajasthan,JAIPUR,SANGANER,GONER,1405,1405,3/18/2019 12:00:00 AM
Rajasthan,JAIPUR,SANGANER,JAGNNATHPURA,395,395,3/18/2019 12:00:00 AM
Rajasthan,JAIPUR,SANGANER,JAISINGHPURA,1177,1177,3/18/2019 12:00:00 AM
Rajasthan,JAIPUR,SANGANER,KALWADA,1421,1421,3/18/2019 12:00:00 AM
Rajasthan,JAIPUR,SANGANER,KAPOORAWALA,1114,1114,3/18/2019 12:00:00 AM
Rajasthan,JAIPUR,SANGANER,KHERI GOKULPURA,736,736,3/18/2019 12:00:00 AM
Rajasthan,JAIPUR,SANGANER,LANKHA,837,837,3/18/2019 12:00:00 AM
Rajasthan,JAIPUR,SANGANER,MADAU,979,979,3/18/2019 12:00:00 AM
Rajasthan,JAIPUR,SANGANER,MAHAPURA,1668,1668,3/18/2019 12:00:00 AM
Rajasthan,JAIPUR,SANGANER,MOHANPURA,1060,1060,3/18/2019 12:00:00 AM
Rajasthan,JAIPUR,SANGANER,MUHANA,1500,1500,3/18/2019 12:00:00 AM
Rajasthan,JAIPUR,SANGANER,NARSINGH PURA,1232,1232,3/18/2019 12:00:00 AM
Rajasthan,JAIPUR,SANGANER,NEOTA,1242,1242,3/18/2019 12:00:00 AM
Rajasthan,JAIPUR,SANGANER,PANWALIYA,1709,1709,3/18/2019 12:00:00 AM
Rajasthan,JAIPUR,SANGANER,SHRIRAM KI NAGAL,1511,1511,3/18/2019 12:00:00 AM
Rajasthan,JAIPUR,SANGANER,THEEKARIYA,1263,1263,3/18/2019 12:00:00 AM
Rajasthan,JAIPUR,SANGANER,UTIRAMPURA,1111,1111,3/18/2019 12:00:00 AM
Rajasthan,JAIPUR,SANGANER,VIDHANI,1258,1258,3/18/2019 12:00:00 AM
Rajasthan,JAIPUR,SANGANER,WATIKA,1519,1519,3/18/2019 12:00:00 AM
Rajasthan,JAIPUR,SHAHPURA,AMARSAR,2347,2347,3/18/2019 12:00:00 AM
Rajasthan,JAIPUR,SHAHPURA,BARI JORI,1798,1798,3/18/2019 12:00:00 AM
Rajasthan,JAIPUR,SHAHPURA,BIDDRA,1223,1223,3/18/2019 12:00:00 AM
Rajasthan,JAIPUR,SHAHPURA,BISHANGARH,1180,1180,3/18/2019 12:00:00 AM
Rajasthan,JAIPUR,SHAHPURA,BLINDERPUR,2198,2198,3/18/2019 12:00:00 AM
Rajasthan,JAIPUR,SHAHPURA,CHHARSA,1487,1487,3/18/2019 12:00:00 AM
Rajasthan,JAIPUR,SHAHPURA,CHIMANPURA,1030,1030,3/18/2019 12:00:00 AM
Rajasthan,JAIPUR,SHAHPURA,DEVIPURA,1612,1612,3/18/2019 12:00:00 AM
Rajasthan,JAIPUR,SHAHPURA,DEWAN,1852,1852,3/18/2019 12:00:00 AM
Rajasthan,JAIPUR,SHAHPURA,DHANOTA,1785,1785,3/18/2019 12:00:00 AM
Rajasthan,JAIPUR,SHAHPURA,DHAWLI,3017,3017,3/18/2019 12:00:00 AM
Rajasthan,JAIPUR,SHAHPURA,GHASIPURA,643,643,3/18/2019 12:00:00 AM
Rajasthan,JAIPUR,SHAHPURA,GOVINDPURA BASSRI,2069,2069,3/18/2019 12:00:00 AM
Rajasthan,JAIPUR,SHAHPURA,HANUT PURA,1506,1506,3/18/2019 12:00:00 AM
Rajasthan,JAIPUR,SHAHPURA,HANUTIYA,1241,1241,3/18/2019 12:00:00 AM
Rajasthan,JAIPUR,SHAHPURA,JAGATPURA,1513,1513,3/18/2019 12:00:00 AM
Rajasthan,JAIPUR,SHAHPURA,KANT,933,933,3/18/2019 12:00:00 AM
Rajasthan,JAIPUR,SHAHPURA,KARIRI,2188,2188,3/18/2019 12:00:00 AM
Rajasthan,JAIPUR,SHAHPURA,KHORALARKHANI,1920,1920,3/18/2019 12:00:00 AM
Rajasthan,JAIPUR,SHAHPURA,KHORI,1963,1963,3/18/2019 12:00:00 AM
Rajasthan,JAIPUR,SHAHPURA,LETKAWAS,1478,1478,3/18/2019 12:00:00 AM
Rajasthan,JAIPUR,SHAHPURA,MAHAR KHURD,1507,1507,3/18/2019 12:00:00 AM
Rajasthan,JAIPUR,SHAHPURA,MANHORPUR,7864,7864,3/18/2019 12:00:00 AM
Rajasthan,JAIPUR,SHAHPURA,MURLIPURA,1337,1337,3/18/2019 12:00:00 AM
Rajasthan,JAIPUR,SHAHPURA,NATHAWALA,1593,1593,3/18/2019 12:00:00 AM
Rajasthan,JAIPUR,SHAHPURA,NAWALPURA,974,974,3/18/2019 12:00:00 AM
Rajasthan,JAIPUR,SHAHPURA,NAYAN,1774,1774,3/18/2019 12:00:00 AM
Rajasthan,JAIPUR,SHAHPURA,NAYAWAS,1063,1063,3/18/2019 12:00:00 AM
Rajasthan,JAIPUR,SHAHPURA,RADAWAS,1327,1327,3/18/2019 12:00:00 AM
Rajasthan,JAIPUR,SHAHPURA,SAIWAR,839,839,3/18/2019 12:00:00 AM
Rajasthan,JAIPUR,SHAHPURA,SURANA,1245,1245,3/18/2019 12:00:00 AM
Rajasthan,JAIPUR,SHAHPURA,TODI,679,679,3/18/2019 12:00:00 AM
Rajasthan,JAIPUR,SHAHPURA,UDAWALA,1370,1370,3/18/2019 12:00:00 AM
Rajasthan,JAIPUR,VIRATNAGAR,AMLODA,559,559,3/18/2019 12:00:00 AM
Rajasthan,JAIPUR,VIRATNAGAR,ANTELA,1886,1886,3/18/2019 12:00:00 AM
Rajasthan,JAIPUR,VIRATNAGAR,BADODIYA,753,753,3/18/2019 12:00:00 AM
Rajasthan,JAIPUR,VIRATNAGAR,BAGAWAS AHIRAN,1175,1175,3/18/2019 12:00:00 AM
Rajasthan,JAIPUR,VIRATNAGAR,BAGAWAS CHORASI,943,943,3/18/2019 12:00:00 AM
Rajasthan,JAIPUR,VIRATNAGAR,BAJRANG PURA,1499,1499,3/18/2019 12:00:00 AM
Rajasthan,JAIPUR,VIRATNAGAR,BEEL WADI,1255,1255,3/18/2019 12:00:00 AM
Rajasthan,JAIPUR,VIRATNAGAR,BHABROO,1779,1779,3/18/2019 12:00:00 AM
Rajasthan,JAIPUR,VIRATNAGAR,BHAMOD,1021,1021,3/18/2019 12:00:00 AM
Rajasthan,JAIPUR,VIRATNAGAR,CHAPRA KHURD,2280,2280,3/18/2019 12:00:00 AM
Rajasthan,JAIPUR,VIRATNAGAR,CHHITOLI,1255,1255,3/18/2019 12:00:00 AM
Rajasthan,JAIPUR,VIRATNAGAR,DHANI GAISKAN,666,666,3/18/2019 12:00:00 AM
Rajasthan,JAIPUR,VIRATNAGAR,GOVINDPURA DHABHAI,1316,1316,3/18/2019 12:00:00 AM
Rajasthan,JAIPUR,VIRATNAGAR,JAI SINGH PURA,1395,1395,3/18/2019 12:00:00 AM
Rajasthan,JAIPUR,VIRATNAGAR,JAJEKALLAN,885,885,3/18/2019 12:00:00 AM
Rajasthan,JAIPUR,VIRATNAGAR,JAWAN PURA,573,573,3/18/2019 12:00:00 AM
Rajasthan,JAIPUR,VIRATNAGAR,JODHULA,719,719,3/18/2019 12:00:00 AM
Rajasthan,JAIPUR,VIRATNAGAR,KAIRLI,1042,1042,3/18/2019 12:00:00 AM
Rajasthan,JAIPUR,VIRATNAGAR,KUHADA,958,958,3/18/2019 12:00:00 AM
Rajasthan,JAIPUR,VIRATNAGAR,LUHAKANA,1353,1353,3/18/2019 12:00:00 AM
Rajasthan,JAIPUR,VIRATNAGAR,MED,2382,2382,3/18/2019 12:00:00 AM
Rajasthan,JAIPUR,VIRATNAGAR,NAURANG PURA,1716,1716,3/18/2019 12:00:00 AM
Rajasthan,JAIPUR,VIRATNAGAR,PALDI,634,634,3/18/2019 12:00:00 AM
Rajasthan,JAIPUR,VIRATNAGAR,PAPRA,901,901,3/18/2019 12:00:00 AM
Rajasthan,JAIPUR,VIRATNAGAR,PURA WALA,1292,1292,3/18/2019 12:00:00 AM
Rajasthan,JAIPUR,VIRATNAGAR,RAMPURA,1164,1164,3/18/2019 12:00:00 AM
Rajasthan,JAIPUR,VIRATNAGAR,SOTHANA,1165,1165,3/18/2019 12:00:00 AM
Rajasthan,JAIPUR,VIRATNAGAR,TALWA,892,892,3/18/2019 12:00:00 AM
Rajasthan,JAIPUR,VIRATNAGAR,TEORI,1073,1073,3/18/2019 12:00:00 AM
